plz,is_dense
1067,1
4289,1
90602,1
90607,1
90610,1
90613,1
1069,1
4107,1
90614,1
90616,0
91353,1
1097,1
1099,1
1108,1
1109,1
4109,1
91355,0
1127,1
4299,1
91462,0
91463,0
1129,1
1139,1
1156,1
1157,1
21444,0
91465,0
91466,1
91468,0
91469,0
1159,1
1237,1
1169,1
4177,1
1187,1
4205,1
91471,0
91472,0
96224,0
96231,0
96237,0
96242,0
1189,1
45277,1
1217,1
4315,1
91486,0
91487,0
1219,1
4316,1
91592,0
91593,0
91595,0
91596,0
1239,1
1257,1
1259,1
1589,0
91598,0
91599,0
91601,0
91602,0
1277,1
1591,0
91604,0
91605,0
91607,0
91608,0
1279,1
1307,1
91610,0
91611,0
91613,0
91614,0
91616,0
1309,1
1612,0
91617,0
91619,0
91620,0
91622,0
91623,0
1324,1
1326,1
1328,1
1445,1
1454,1
1458,1
1465,1
1468,1
1471,1
67366,0
1477,1
1917,0
1920,0
1558,0
1561,0
1587,0
1936,1
1945,0
67686,0
91625,0
1594,0
91626,0
91628,0
1609,0
91629,0
91631,0
91632,0
91634,0
91635,0
1616,0
1968,0
91637,0
1619,0
1987,0
25578,0
91639,0
1623,0
1998,0
2625,0
2627,0
1640,1
2633,0
36469,0
91710,0
91717,0
1662,1
1665,1
1683,0
4207,1
91719,0
91720,0
91722,0
91723,0
1689,1
1705,1
1723,1
1728,1
1731,1
4209,1
25980,0
1734,1
1737,1
45476,1
1738,0
1744,0
1762,0
1768,0
1773,0
1774,1
1776,0
1778,0
1796,1
1809,1
1814,0
1816,1
1819,1
1824,1
1825,0
1829,1
1833,1
1844,0
1847,1
1848,0
1855,0
1877,0
91725,0
91726,0
91728,0
91729,0
1896,0
63505,1
91731,0
91732,0
1900,1
27749,1
1904,0
38553,0
91734,0
1906,0
4229,1
91735,0
91737,0
91738,0
91740,0
91741,0
91743,0
1909,0
28359,1
1979,0
1983,0
65344,1
91744,0
91746,0
91747,0
1990,0
1993,0
1994,0
1996,0
91749,0
91757,0
91781,0
91785,0
91788,0
2681,0
2689,0
4317,1
91790,0
91792,0
91793,0
91795,0
91796,0
91798,0
91799,0
2699,0
2708,0
4318,1
91809,0
92224,0
2727,0
2733,0
65345,1
92237,0
2730,0
4357,1
4416,1
92242,0
2736,0
3197,0
2739,0
2747,0
2742,0
3205,0
92245,0
92249,0
92253,0
2748,0
2763,0
2794,0
92256,0
92259,0
92260,0
92262,0
92263,0
92265,0
92266,0
2779,0
2943,0
2953,0
3246,0
2782,0
2785,0
38473,0
2788,0
2791,0
2796,0
4827,1
92268,0
92269,0
92271,0
2797,0
92272,0
2799,0
2826,0
92274,0
92275,0
92277,0
92278,0
2827,0
8239,1
8248,0
2828,0
2829,0
3249,0
2894,0
8258,0
66503,0
2899,0
2906,0
92280,0
92281,0
92283,1
92284,0
92286,0
92287,0
92289,0
92318,1
2923,0
2929,0
2956,0
2957,0
2991,0
92331,0
92334,0
2959,0
92339,0
92342,1
92345,0
92348,1
92353,1
92355,0
2977,0
2979,0
38474,0
2994,0
2997,0
92358,0
92360,0
92361,1
92363,0
92364,0
92366,0
2999,0
6114,1
3042,0
3046,0
92367,0
92369,0
2692,0
2694,0
91801,0
91802,0
91804,0
91805,0
91807,0
3044,0
3053,0
39124,1
3048,0
3050,0
92421,0
92431,0
68167,1
92436,0
92439,0
3051,0
3052,0
92442,0
92444,0
92445,0
92447,0
92449,0
3054,0
6120,1
3055,0
3103,0
3058,0
6124,1
6122,1
92507,0
92521,0
92526,0
92533,0
3096,0
92545,0
92546,0
3099,0
92548,0
92549,0
92551,0
92552,0
92554,0
92555,0
92557,0
92559,0
92637,0
3116,0
3119,0
3130,0
3149,0
6126,1
92648,0
92655,0
92536,0
92660,0
92539,0
92665,0
92540,0
92670,0
92542,0
92543,0
92676,0
3159,0
3222,0
3172,0
92681,0
3185,0
92685,0
92690,0
92693,0
92694,0
92696,0
92697,0
92699,0
96247,0
96250,0
3226,0
92703,0
92705,0
92706,0
92708,0
92709,0
92711,0
3229,0
3253,0
92712,0
92714,0
92715,0
92717,0
96253,0
96257,0
96260,0
96264,0
96268,0
96269,0
3238,0
96271,0
96272,0
96274,0
96275,0
96277,0
96279,0
96317,0
96328,0
96332,0
96337,0
4103,1
4105,1
96342,0
96346,0
96349,0
96352,0
96355,0
96358,0
12049,1
96361,0
96364,0
96365,0
96367,0
96369,0
4157,1
4275,1
96472,0
96476,0
96479,0
96482,0
96484,0
4158,1
4288,1
96486,0
4159,1
97262,1
4129,1
4155,1
97264,1
4178,1
12526,1
4179,1
97283,0
97285,0
12527,1
97286,1
12529,1
96450,0
96465,0
4277,1
4249,1
97342,0
97346,0
97348,0
4319,1
4328,1
4329,1
4347,1
4349,1
4279,1
4356,1
4420,1
97357,0
97359,0
4425,1
4435,1
4442,1
4451,1
4463,1
4509,1
6128,1
4519,1
4523,1
4552,1
4539,1
4564,1
4565,1
4567,1
4571,1
4680,0
20146,1
4610,1
20148,1
4575,1
4613,1
4617,1
4618,0
4600,0
4603,1
6130,1
4626,1
4651,1
4654,1
4668,1
4683,1
4703,0
4720,0
6259,1
6268,0
4736,0
4821,0
49638,0
4741,0
4746,0
54539,0
4749,0
4758,0
4626,1
4639,1
20149,1
4769,0
4774,0
4779,0
4808,0
4824,1
4828,0
4838,1
4849,0
4860,0
4861,0
4643,0
4687,0
4862,0
4910,0
4916,0
4874,0
4880,0
4886,0
9328,1
93047,1
4889,0
4928,0
4895,0
21445,0
4924,0
21447,0
4931,0
4932,0
6108,1
9337,1
4934,0
4936,0
4938,0
6116,1
6118,1
9390,1
6110,1
6112,1
6132,1
6279,0
6295,0
6179,1
6184,1
6366,0
6369,0
97421,1
97422,1
6231,1
6188,1
6237,1
6193,1
6467,0
6242,1
6198,1
6388,0
97424,1
6217,1
97437,0
97440,1
97447,1
9392,1
6246,1
6408,0
6420,0
97450,1
6249,0
6255,0
6258,1
97453,1
6308,0
6311,0
6469,0
97461,0
6313,0
97490,1
97491,0
97493,1
97494,0
97496,0
97497,0
6464,0
97456,1
97499,1
6317,0
6333,0
6343,0
97506,1
97508,1
97509,1
97511,0
97500,0
97513,0
6347,0
6385,0
6386,0
6466,0
97514,1
97502,1
97503,1
97505,1
6406,0
97516,0
6425,0
6429,0
6449,0
97517,1
6456,0
20249,1
97519,0
97520,1
97522,0
6458,0
97705,0
97708,0
97711,1
97714,1
97717,1
97720,0
97723,0
97724,0
97725,0
6463,0
6484,0
6485,0
6493,0
6502,0
6526,0
6528,0
6536,0
6537,0
6542,0
97727,0
6543,0
97702,0
6556,0
97783,0
97785,0
97786,0
6567,0
9113,1
55257,1
6571,0
6577,0
6792,0
97892,0
97896,0
9119,1
97855,0
6578,0
6636,0
97907,0
6638,0
6642,0
6647,0
6794,0
97909,0
97922,0
97941,0
6618,0
6628,0
97944,0
97947,0
97950,0
6632,0
97953,0
6648,0
6796,0
97956,0
97957,0
97959,0
97980,0
97990,0
6667,1
9120,1
97900,0
97901,0
9122,1
97903,0
6679,0
97993,0
97996,0
97999,0
6682,0
63695,0
6686,1
9241,1
66504,0
6721,0
6722,1
6688,1
6729,0
6711,0
6749,0
6766,0
6772,0
6773,0
6774,0
6779,0
6780,0
6785,0
6800,0
6803,0
6861,0
6808,0
6846,0
6809,0
6847,0
6842,0
38476,0
6844,0
6849,0
6862,0
6868,0
25376,0
6712,1
6869,0
6886,0
6888,0
6889,0
6895,0
6901,0
6905,0
6917,0
6925,0
7318,0
7330,0
7333,0
7387,0
7389,0
7338,0
7407,0
7343,0
7349,0
7356,0
7366,0
7368,0
7381,0
7422,0
9394,1
7426,0
7427,0
67590,1
7429,0
7545,1
7548,1
7546,1
7549,1
38477,0
7551,1
7552,1
7554,1
7589,1
9399,1
7557,1
7570,1
7580,1
9468,1
7580,1
7607,1
7586,1
7629,1
7613,1
9471,1
7616,1
7639,1
7646,1
7743,1
7619,1
7749,1
7751,1
7745,1
7747,1
7958,1
7973,1
8062,1
7768,1
7980,1
7774,0
9474,1
8066,1
7778,1
7806,0
7819,0
7907,0
7919,0
7922,0
7924,0
7926,0
7927,0
7929,0
7937,0
10553,1
21524,0
7950,0
7952,0
7955,1
7957,1
7985,1
12051,1
7987,1
8261,0
8058,1
8060,1
8064,1
8107,1
8112,1
8115,1
8118,1
8056,1
8233,1
8132,1
8134,1
8236,1
8144,1
8289,1
8147,0
8209,1
8237,1
8223,1
8228,1
8262,1
21526,1
8141,1
8267,0
8301,1
8280,1
21527,0
21529,0
8294,1
8297,1
21641,1
22962,1
8304,1
8315,1
8309,1
24816,0
24817,0
8321,1
8328,1
8324,1
30171,1
8340,1
10717,1
8344,1
8352,1
8349,0
8371,1
8393,1
8396,1
8412,1
8427,1
55120,1
8359,1
8373,1
8428,1
8451,1
9243,1
8459,1
8485,1
8468,1
8491,1
8496,1
8499,1
8529,0
8538,0
9247,1
8523,0
9111,1
8525,0
8527,0
8539,0
8541,1
8543,1
8547,0
8548,0
8606,0
8626,0
9112,1
8645,0
8648,0
9114,1
10779,1
9116,1
9117,1
9125,1
9126,1
25992,0
9127,1
9249,1
9306,1
9123,1
9322,1
9326,0
9131,1
9212,1
25997,0
25999,0
9128,1
9217,1
9130,1
25996,0
9221,1
9224,1
9228,1
9235,1
9232,1
9236,1
9350,1
9244,1
9487,1
9353,1
9355,1
9376,1
9380,1
9385,1
9387,1
9405,1
9419,1
9423,1
9427,1
9429,1
9430,1
9432,1
9434,1
9437,1
9518,1
9526,0
9544,0
9548,0
9439,1
9456,1
9465,1
9477,0
9481,1
9484,1
9356,1
9366,1
9488,1
9575,0
9509,0
9634,0
9514,0
9638,0
9648,1
9661,1
9557,1
10781,1
9496,0
9627,0
9573,1
9569,1
9577,1
10315,1
10249,1
9618,0
9619,0
9623,0
9629,0
9633,0
9579,1
9599,0
9669,1
9600,0
9603,0
10825,1
10317,1
10115,1
10318,1
10117,1
10319,1
10119,1
10365,1
10178,1
10367,1
10369,1
10179,1
10243,1
10245,1
10247,1
10405,1
10407,1
10409,1
10435,1
10437,1
10439,1
10551,1
10555,1
10557,1
10559,1
10585,1
10587,1
10589,1
10623,1
10625,1
10627,1
10629,1
10961,1
10707,1
10709,1
10711,1
10713,1
22965,1
10715,1
28213,1
10783,1
10719,1
10785,1
10777,1
10787,1
10789,1
10823,1
10827,1
10829,1
10963,1
10965,1
10967,1
10969,1
10997,1
28215,1
10999,1
60320,1
12047,1
12053,1
12055,1
12057,1
12059,1
12685,1
12099,1
12101,1
12687,1
12103,1
12109,1
12105,1
12157,1
12107,1
12159,1
12161,1
12163,1
12165,1
12167,1
12169,1
12043,1
12207,1
12203,1
12209,1
13059,1
12205,1
12347,1
12247,1
12437,1
12249,1
12307,1
12277,1
12279,1
12305,1
12309,1
12349,1
12439,1
12351,1
13086,1
12353,1
12459,1
12355,1
12487,1
12489,1
12357,1
12524,1
60327,1
12045,1
12359,1
12435,1
12555,1
12557,1
12559,1
21391,0
12587,1
12589,1
12619,1
13435,1
12621,1
12623,1
12627,1
12629,1
12679,1
12681,1
12683,1
12689,1
13051,1
13053,1
13055,1
13057,1
13088,1
13089,1
13507,1
13125,1
13129,1
13127,1
14554,1
14558,1
13156,1
13355,1
13187,1
13189,1
13347,1
13349,1
13351,1
13353,1
13357,1
13359,1
13158,1
60329,1
13159,1
13407,1
13409,1
13437,1
13439,1
63071,1
13403,1
13465,1
13405,1
13503,1
13505,1
13509,1
36369,0
13581,1
13583,1
21401,0
13585,1
13593,1
13587,1
13589,1
13591,1
21403,0
13595,1
13627,1
13597,1
13599,1
13629,1
14050,1
14052,1
14053,1
13467,1
65346,1
13469,1
28217,1
14059,1
14055,1
14057,1
14089,1
14109,1
14129,1
67134,1
14163,1
14167,1
14197,1
14193,1
67136,1
14195,1
14165,1
14169,1
14199,1
14772,0
14467,1
14469,1
14473,1
14471,1
14476,1
15232,0
14478,1
14513,1
36457,0
14480,1
14532,1
14482,1
38489,0
38518,0
38524,0
14542,1
38479,0
38486,0
14548,1
14550,1
14547,1
14552,1
15378,1
14612,1
14621,1
14624,1
14656,1
14662,0
14641,1
14712,0
14669,1
14715,0
14727,0
14728,0
14770,0
15517,0
15518,0
15827,1
14774,0
14776,0
14778,0
14789,0
14793,0
14797,1
14798,0
14806,0
14822,0
14823,0
14827,0
14828,0
14913,0
14929,0
16227,0
16230,0
16244,0
16247,0
16248,0
16259,0
21646,0
14943,0
16269,0
14979,1
15230,0
15234,0
15236,0
29582,0
15295,0
15299,0
15306,0
15320,0
15324,0
15326,0
21712,0
15328,0
15344,1
14947,0
14959,1
14974,1
16278,0
16303,0
16306,0
15370,1
15345,1
15374,0
15377,1
25579,0
15526,0
15528,1
15537,1
15562,1
15366,1
15566,1
20257,1
21714,0
15711,1
15569,1
16547,1
15712,1
15713,1
21729,0
21035,1
15738,1
15732,1
16562,1
16556,1
15741,1
15745,1
16792,0
16798,0
15746,1
16559,1
15755,0
16868,0
16909,0
15757,0
15806,1
16928,0
16945,0
16949,0
17033,0
17034,0
15831,1
15748,0
15749,1
15834,1
17036,0
17039,0
15754,1
15837,0
15838,0
15848,0
15859,0
21228,1
25587,0
15868,0
15890,0
15898,0
17207,0
17209,0
15907,0
15910,0
15913,0
15926,0
15936,0
15938,0
16225,0
15864,0
21256,0
16307,0
47198,1
42119,1
16341,1
16321,1
16348,1
16356,1
21734,0
16359,1
16515,1
16540,1
16548,1
16552,1
16567,1
16727,1
42275,1
16816,0
16818,0
16827,0
16831,0
16833,0
16835,0
16837,0
16845,0
16866,0
17087,0
17089,0
17091,0
17424,0
17429,0
17094,0
17438,0
17440,0
17449,0
17098,0
17099,0
17109,0
17111,0
17121,0
17126,0
17129,0
17139,0
17153,0
17154,0
17159,0
17166,0
17168,0
17179,0
21765,0
16761,1
17192,0
17194,0
16766,1
16767,1
17213,0
22043,1
16775,1
17214,0
17217,0
17219,0
17454,0
17459,0
17235,0
17237,0
17489,0
17326,0
17248,0
17491,0
17493,0
17252,0
17328,0
18198,1
17255,0
17258,0
17268,0
17279,0
17291,0
17309,0
17321,0
17322,0
17329,0
17335,0
17337,0
17348,0
18320,0
18334,0
18337,0
18209,1
18211,1
18225,0
18230,0
18233,0
18236,0
18347,1
18239,1
18356,0
18374,0
18375,0
26936,0
17349,0
17358,0
17367,0
17373,0
17375,0
17379,0
17389,0
18246,0
17390,0
17391,0
17392,0
17398,0
17406,0
17419,0
17495,0
17498,0
17506,0
17509,0
18249,0
18258,1
18273,0
18276,0
18279,0
18292,0
18299,1
18311,0
65347,1
18314,0
18317,0
18106,1
19053,1
18055,1
18057,1
19055,1
18059,1
18069,1
18107,1
65428,1
19246,0
18109,1
18119,1
18146,1
19300,0
19303,0
19306,1
19309,0
19322,0
18181,1
18147,1
18182,1
18184,1
18190,1
20095,1
18435,0
18195,0
18437,0
18439,0
18442,0
18445,0
18461,0
18465,0
18469,0
18507,0
18510,0
18513,0
18516,0
18519,0
18196,1
18528,0
18546,0
18551,0
18609,0
18556,0
19057,1
18565,0
18569,0
18573,0
18574,0
18581,0
18586,0
19059,1
19061,1
19063,1
19065,1
19067,1
19069,1
19071,1
19073,1
19075,1
19077,1
19079,1
19086,1
20097,1
19089,1
19205,1
19209,1
19217,0
20099,1
19230,1
19243,0
19249,0
19258,0
19260,0
19273,0
19288,0
19294,0
19336,0
19339,0
19348,0
19357,0
19370,0
19372,0
19374,0
19376,0
19386,0
19395,0
19399,0
19406,0
19412,0
20144,1
19417,0
20251,1
20253,1
20255,1
20259,1
20354,1
20355,1
22087,1
20359,1
20457,1
20459,1
20535,1
20537,1
20539,1
21029,1
21031,1
21033,1
20357,1
22089,1
21037,1
22111,1
67596,0
21075,1
21077,1
21079,1
21107,1
21109,1
67598,0
21129,1
21039,1
21073,1
21147,1
21258,0
21149,1
21261,0
21217,1
21360,0
21218,1
21220,1
21224,1
21227,1
21244,1
21255,0
21259,0
21266,0
21271,0
21272,0
21274,0
21279,1
21365,0
21335,0
21337,0
21339,0
67599,1
21357,0
21354,0
21369,0
21368,0
21371,0
21376,0
21409,0
21358,0
21382,0
21388,0
21385,0
21386,0
21394,0
21395,1
21435,1
21397,0
21398,0
21400,0
21406,0
21441,0
21407,0
21442,0
21436,1
21438,1
21439,1
21449,0
21465,1
21481,1
21483,1
21493,0
21502,1
21509,1
29588,0
21514,0
21516,0
21521,1
21522,0
21614,1
21629,1
29590,0
21635,1
21640,1
21643,1
21644,0
21647,1
21649,0
21379,0
22587,1
21680,0
41069,1
21380,0
21423,1
21682,0
21702,0
21683,0
21684,1
21698,1
21706,0
21709,0
21710,0
47229,1
21720,1
21723,1
21726,0
21727,0
21730,0
21732,0
29591,0
21737,0
21739,1
21717,1
28325,1
21745,0
21763,0
21755,0
21756,0
21762,0
21769,0
21770,0
21772,0
22115,1
22177,1
21775,0
21776,0
21781,0
22179,1
21782,0
21785,0
21787,0
22041,1
21789,0
22045,1
22047,1
22049,1
22081,1
28327,1
68169,1
22113,1
22083,1
22085,1
35578,1
35452,1
22145,1
22117,1
22147,1
22119,1
22143,1
22149,1
22159,1
22175,1
22297,1
22299,1
22301,1
22303,1
22305,1
22391,1
22307,1
22309,1
35580,1
35579,1
22337,1
22335,1
22339,1
22399,1
22359,1
22415,1
22393,1
22417,1
22419,1
22395,1
22397,1
22453,1
22455,1
22457,1
22459,1
22523,1
22525,1
22527,1
22529,1
22547,1
22549,1
22559,1
22589,1
22605,1
22607,1
35581,1
22609,1
35582,1
22765,1
22761,1
22763,1
22767,1
22769,1
22850,1
22844,1
22846,1
22848,1
22955,1
22851,1
22869,1
22880,1
35583,1
22885,1
22889,1
22926,1
22956,0
22958,0
22959,0
22961,1
22964,0
68229,1
22927,1
22967,0
22929,0
22941,1
22946,1
22949,1
22952,0
22969,1
23566,1
23554,1
23552,1
23556,1
23564,1
23562,1
23774,0
23568,1
23611,1
23569,1
23570,1
23558,1
23560,1
23617,1
23619,1
86941,1
23623,0
23626,1
86943,0
86944,0
86946,0
86947,0
23627,1
86949,0
86956,0
86971,0
86972,0
86974,0
86975,0
86977,0
86978,0
86980,0
23669,1
23628,1
23683,0
86984,0
86986,0
86987,0
86989,0
23684,0
23689,1
23701,0
23714,0
23715,0
23826,0
23629,0
23717,0
23719,0
23730,0
23743,0
87487,0
87488,0
87490,0
87493,0
23738,0
87494,0
87496,0
87497,0
87499,0
87509,0
87527,0
87534,0
87538,0
87541,0
87544,0
23744,0
23746,0
23747,0
23749,0
23758,0
23769,0
87545,0
87547,0
87549,0
87561,0
87600,0
87616,0
87629,0
23775,0
87634,0
87637,0
87640,0
87642,0
23827,0
87645,0
23777,0
23779,0
87647,0
23795,0
87648,0
87650,0
87651,0
87653,0
87654,0
87656,0
23816,0
55122,1
23812,0
23813,0
23815,0
87657,0
87659,0
87660,0
23818,0
87662,0
87663,0
87665,0
87666,0
23821,0
23823,0
23820,0
55124,1
23824,0
87778,0
23829,0
23843,0
23845,0
23847,1
23858,0
87761,0
87763,0
87764,0
23863,0
23860,1
88090,0
88094,0
88097,0
88099,0
88131,0
24254,1
23866,0
23869,0
23867,0
23879,0
23881,0
23883,0
23946,0
24326,0
24327,0
24106,1
24329,0
23896,0
23898,0
24340,0
24351,0
23899,0
88138,0
88142,0
88145,0
88147,0
23909,0
23911,0
88353,0
24354,0
88356,0
24357,0
88361,0
25494,1
88364,0
23948,0
23966,0
23968,0
23970,0
23972,0
23974,0
23992,0
23919,1
23996,0
23999,0
24103,1
23923,1
23936,0
23942,1
88367,0
88368,0
88370,0
88371,0
24114,1
24107,1
24116,1
24109,1
24111,1
24143,1
24113,1
24242,0
24118,1
24119,1
24105,1
24783,0
24146,1
24147,1
24148,1
24149,1
24159,1
24161,1
24145,1
24211,1
24784,0
24214,1
24217,0
24248,1
24250,0
24220,1
24226,1
24222,1
24223,1
24229,1
24235,0
24232,1
24238,0
24239,0
24241,1
24244,1
24251,0
24245,0
24247,1
24253,0
24256,0
24257,0
24259,0
24306,0
24367,0
24369,0
24321,0
24358,0
24534,0
24360,0
24361,0
24363,0
24364,0
24869,0
24366,0
24878,0
24376,0
24392,0
24395,0
24398,0
24399,0
25497,1
25495,1
24401,0
24885,0
24887,0
24402,0
24404,0
24405,0
25482,1
25479,1
24407,0
24409,0
24536,0
24537,0
24539,0
24558,1
25488,1
24568,1
24787,0
24576,0
24582,0
24589,0
24610,0
24594,0
24598,0
24601,0
24793,0
24613,0
24625,0
24616,0
24619,0
24620,0
24622,0
24626,0
24628,0
24641,0
24623,0
24631,0
24632,0
24634,0
24629,1
24637,0
24635,0
24649,0
24643,0
25499,1
24638,0
24644,0
24646,0
24640,0
24768,0
24782,0
24647,0
24791,0
24790,0
24794,0
24800,0
24809,0
24796,0
24813,0
24811,0
24797,0
55126,1
24799,0
26121,1
24802,0
24814,0
24803,0
24805,0
24806,0
24808,0
24819,0
24857,0
24837,0
35764,0
24848,0
26133,1
24850,0
24852,0
24864,0
24855,0
26219,0
24860,0
24861,0
24863,0
24866,0
24867,0
28329,1
28717,1
24870,0
24872,0
28759,1
24873,0
24876,0
24879,0
24881,0
24882,0
24884,0
24888,0
24890,0
24893,0
24891,0
24894,0
24896,0
24897,0
24899,0
24937,0
24939,0
24941,0
24943,0
25489,0
24944,0
24966,0
24955,0
24960,0
24963,0
24969,0
24989,0
24972,0
24997,0
24975,0
24976,0
24977,0
24980,0
24983,0
24986,0
24988,0
24991,0
24992,0
24994,0
24996,0
24999,0
25336,0
41236,1
41199,1
25335,0
25337,0
25355,0
25348,0
25358,0
25361,0
25373,0
25364,0
25365,0
25370,0
25371,0
25377,0
25379,0
25421,1
25462,1
25436,0
25469,1
25451,1
25474,1
25485,0
25486,1
25491,1
25492,0
25524,0
25575,0
25541,0
25548,0
25551,0
25573,0
25554,0
25557,0
25560,0
25563,0
25566,0
25569,0
25368,0
25572,0
25576,0
25581,0
25582,0
25584,0
25585,0
25588,0
25590,0
25591,0
25593,0
25594,0
25596,0
25597,0
25599,0
25693,0
25704,0
25719,0
25709,0
25721,0
37073,0
25712,0
25727,0
25715,0
25729,0
25746,0
25761,0
25764,0
25767,0
25718,0
25724,0
25725,0
25770,0
25774,0
25776,0
25779,0
25782,0
25785,0
25786,0
25791,0
25788,0
25792,0
25794,0
39130,1
39164,1
25795,0
25799,0
25797,0
25813,0
25821,0
25826,0
25832,0
25840,0
25842,0
25836,0
25850,0
25845,0
25867,0
25849,0
55128,1
55127,1
25852,0
25873,0
25853,0
25855,0
25856,0
25858,0
25859,0
25860,0
25862,0
25863,0
25864,0
25866,0
25869,0
25920,0
25870,0
28777,1
25872,0
29462,0
29465,0
25876,0
29484,0
25878,0
25924,0
25879,0
25881,0
25882,0
25926,0
25884,0
25885,0
25887,0
25889,0
25899,0
26382,0
25917,0
25923,0
26384,0
25927,0
25946,0
25938,0
26122,1
26123,1
26386,0
26388,0
26125,1
26127,1
26129,1
26131,1
26135,1
26160,1
26474,0
26169,0
26180,1
55263,1
55262,1
26188,1
26197,0
26486,0
26203,1
26209,1
26215,1
26316,0
26340,0
26487,0
26345,0
26349,0
26389,0
26409,0
26419,0
26427,0
26434,0
26489,0
26441,0
26446,0
26452,0
26579,0
26465,0
26603,0
26506,0
26524,0
26529,0
26532,0
26548,0
26553,0
29496,0
26556,0
26571,0
26605,0
26607,0
26683,0
26689,0
26624,0
26629,0
26632,0
26639,0
29599,0
26655,0
26670,0
26676,0
41460,1
55286,0
26721,0
26789,0
26723,0
26802,0
27246,0
26725,0
26736,0
30177,1
26757,0
26759,0
26901,0
26810,0
26817,0
26903,0
26826,0
26831,0
26835,0
26842,0
26904,0
26844,0
26845,0
26847,0
26849,0
26906,0
26871,0
26892,0
26897,0
26907,0
26899,0
26909,0
26931,1
26919,0
26931,1
30179,1
26937,0
27248,0
30419,1
30449,1
26939,0
26935,0
27232,0
27239,0
27243,1
27245,0
27252,0
27249,0
27251,0
27254,0
27257,0
27259,0
26954,1
27339,0
27283,0
27299,0
27305,0
27308,0
27313,0
27318,0
26969,0
27321,0
27324,0
27327,0
27330,0
27333,0
27336,0
30451,1
30453,1
27337,0
29353,0
27356,0
27367,0
27374,0
30521,1
27383,0
27386,0
29355,0
27389,0
27211,0
27419,0
27404,0
27432,0
27412,0
27446,0
27442,0
27449,0
27568,1
27568,1
27472,0
27474,0
27478,0
27498,0
55597,0
27476,0
39439,0
27499,1
27572,1
27570,1
27619,1
27574,1
27624,0
27576,1
27578,1
27580,1
27628,0
27580,1
27607,1
27639,0
27612,1
27711,1
27616,0
27726,1
27721,1
27751,1
27729,0
27755,1
28207,1
27777,1
27753,1
27793,0
27798,1
28197,1
27804,1
28209,1
27809,1
28195,1
28211,1
27801,0
28199,1
28201,1
28203,1
28205,1
28219,1
28237,1
28239,1
28259,1
28277,1
28279,1
28355,1
28357,1
28307,1
28309,1
28719,1
28755,1
28757,1
28779,1
28832,1
29221,0
63073,1
28844,1
28790,1
28857,0
28865,1
28816,1
28870,1
28876,1
29223,0
29225,0
29227,0
29229,0
29303,0
29308,0
29313,0
35584,1
28879,1
29320,0
29361,0
29323,0
29328,0
29331,0
35606,1
35585,1
29336,0
29339,0
35614,1
35586,1
29342,0
29345,0
29352,0
29348,0
29351,0
29356,0
29362,0
29358,0
29359,0
29364,0
35745,0
29369,0
29365,0
29367,0
29378,0
29386,0
29379,0
45138,1
45139,1
29389,0
29392,0
29399,0
29393,0
29410,0
29413,0
29456,0
29394,0
29396,0
29416,0
29439,0
29451,0
45143,1
29459,0
29468,0
29471,0
29472,0
29473,0
29475,0
42277,1
29476,0
29478,0
29581,0
29479,0
29481,0
29482,0
29485,0
29487,0
29488,0
29497,0
29490,0
29491,0
29493,0
29494,0
29499,0
29549,0
29525,0
66111,1
45141,1
29553,0
29556,0
29559,0
29562,0
29576,0
29565,0
29578,0
29571,0
29574,0
29579,0
29575,0
29584,0
29585,0
29587,0
66132,1
66113,1
29593,0
29594,0
29597,0
29614,0
29633,0
29640,0
29643,0
29646,0
42289,1
42287,1
29649,0
29664,0
29683,0
29699,0
30161,1
29690,0
29693,0
30163,1
30159,1
30165,1
30173,1
30175,1
30455,1
30167,1
30169,1
30459,1
30519,1
30539,1
30625,1
30559,1
30627,1
30655,1
30827,1
30851,1
30657,1
30853,1
30457,1
30659,1
30669,1
30629,1
38275,0
30855,1
30823,1
30826,1
38277,0
30890,1
30880,1
30989,1
30900,1
30916,1
31134,0
30952,1
30966,1
30974,1
30982,1
30926,1
38325,0
31008,0
31020,0
31028,0
31036,0
31061,0
31702,0
31073,0
31079,0
30938,1
31135,0
31084,0
31137,0
31089,0
31177,0
31139,0
31141,0
31162,0
38327,0
31157,1
31167,0
31707,0
31171,0
31174,0
31228,0
31708,0
31180,0
31710,0
31234,0
31711,1
31185,0
31712,0
31188,0
38329,0
31191,1
31195,0
31241,0
31199,0
31224,0
31226,0
31553,0
31246,0
31555,0
31249,0
31303,1
31275,1
31319,1
31515,1
31311,0
31714,0
31542,0
31547,0
31552,0
31556,0
31619,0
31558,0
31621,0
31559,0
31626,0
31627,0
31582,0
31535,1
31592,0
38373,0
31629,0
31595,0
31600,0
31603,0
31604,0
31606,0
31693,0
31608,0
31609,0
31613,0
31698,0
31618,0
31699,0
31700,0
31622,0
31623,0
31628,0
38375,0
31632,0
31633,0
31634,0
31636,0
31637,0
31638,0
31655,0
31675,1
31691,0
31683,0
31688,0
31737,1
31719,0
31749,0
32694,0
31715,0
31717,0
31718,0
32108,1
32120,1
32130,1
32139,1
32257,1
32278,1
32289,1
31785,0
32756,0
32699,0
32758,0
31787,0
31789,0
32760,0
31812,0
31832,1
32791,1
31840,0
31848,0
31855,0
31860,0
31863,0
31867,0
31868,0
32049,1
32805,0
32816,0
32051,1
32825,0
32052,1
32105,1
32107,1
32339,0
32351,0
32312,0
32361,0
33775,0
32369,0
32423,1
33790,0
32425,1
32427,1
32429,1
33803,1
32457,1
33813,1
32469,1
33818,1
33824,1
32479,1
32545,1
34117,1
32547,1
33829,0
32549,1
32683,0
32584,1
32602,1
32689,1
32832,1
32609,1
32839,0
32657,1
33014,0
33034,0
32676,0
33100,1
33039,0
33098,1
33102,1
33104,1
34119,1
34121,1
33106,1
33129,1
33161,1
33165,1
33142,0
34308,1
33154,1
34134,1
34311,0
34314,1
33175,1
33178,1
33181,0
33184,1
38376,0
33189,0
35638,1
33330,1
35767,0
34323,0
33335,1
33378,1
33397,1
33332,1
33333,1
33334,1
33415,1
33428,1
38378,0
33602,1
34327,0
33604,1
33605,1
33607,1
33609,1
33611,1
33613,1
33442,1
33615,1
33617,1
33619,1
33449,1
33647,1
33758,1
33649,1
33659,1
33689,1
33699,1
33719,1
33729,1
33739,1
40549,1
34123,1
34329,1
34346,1
34355,1
34125,1
34127,1
34439,0
34454,0
34466,1
34471,0
34474,0
34128,1
34130,1
34479,0
34497,0
34508,0
34513,0
34516,0
34519,0
34537,0
34549,0
34560,0
34131,1
34132,1
34212,0
34225,1
34576,0
34582,0
35641,1
34233,1
35685,0
35686,0
35687,0
34246,1
34253,1
35688,0
35689,0
34260,1
35690,0
34266,1
45525,1
45478,1
34270,1
34277,1
34632,0
34633,0
34637,0
34639,0
34281,1
34286,0
34292,1
34289,1
34295,1
34298,1
35037,0
35039,0
34302,1
45879,1
45144,1
34305,1
34320,1
34317,1
34326,0
45888,1
67368,0
34359,0
34369,1
35094,0
34376,1
35108,0
34379,1
34385,0
34388,0
35112,1
34393,1
34396,0
34399,0
34414,0
34431,0
34434,0
34477,0
34587,0
34590,0
34593,0
34596,0
35327,0
34599,0
34613,0
34621,0
34626,0
34628,0
34630,0
35041,0
35329,0
35043,0
35066,0
35075,0
35392,1
35390,1
35080,0
35083,0
35085,0
35394,1
35096,0
35396,1
35099,0
35418,1
35088,0
35102,1
35091,0
35110,0
35104,0
35116,0
35114,0
35119,0
35117,0
35232,0
35216,0
35260,0
35236,0
35274,0
35239,0
35282,0
35279,0
35285,0
35288,0
35287,0
35305,0
35440,1
35315,0
35444,1
35321,0
35325,0
35398,1
35410,0
35447,0
35423,0
35415,1
35428,1
35457,1
35460,1
35463,1
35466,0
35469,0
35510,0
35435,1
35516,0
35519,0
35576,1
35625,1
35630,1
35619,1
35644,1
35633,1
35647,0
35713,0
35649,0
35683,0
35684,0
35708,0
35716,0
35719,0
35753,0
35759,0
35768,0
35781,0
35789,0
35792,0
35796,0
35756,1
35799,0
36037,0
45889,1
35794,0
36039,0
36088,0
36041,0
36043,0
36460,0
36093,0
37075,0
36100,0
36124,0
36129,0
36103,0
36110,0
36115,0
36199,0
36205,0
36208,0
36119,0
36217,0
36132,0
36137,0
36142,0
36145,0
36148,0
37081,0
36151,0
38106,1
36154,0
36219,0
36251,0
36157,0
36160,0
36289,0
36304,0
36163,0
36325,0
67756,0
36166,0
36167,0
67811,0
66133,1
36169,0
36179,0
36211,0
36214,0
36266,0
36269,0
36326,0
36272,0
36275,0
38118,1
36277,0
36280,0
36282,0
36284,0
36329,0
36286,0
38120,1
36287,0
36318,0
36341,0
36320,0
36323,0
36355,0
36358,0
36364,0
36367,0
36381,0
36391,0
36396,0
36399,0
36404,0
37083,0
36414,0
36419,0
36466,0
36433,0
36448,0
36452,0
36456,0
37077,0
37085,0
37115,0
37120,0
37079,0
37124,0
37127,0
37130,0
37133,0
37136,0
37299,0
37308,0
37318,0
37139,0
37154,0
37170,0
37351,0
37176,0
37181,0
37186,0
37191,0
37194,0
37214,0
37197,0
37199,0
37213,0
37215,0
37216,1
37218,0
37235,0
37242,0
37247,0
37217,0
37249,0
37287,0
37269,0
37296,0
37276,0
54614,0
37281,0
37284,0
37290,0
37293,0
67433,0
37297,0
67468,0
67471,0
67472,0
37327,0
37339,0
37620,0
37345,0
37355,0
37359,0
37412,0
37431,0
37434,0
37441,0
37444,0
37445,0
37520,0
37635,0
37539,0
37574,0
37581,0
37586,0
37589,0
37603,0
37619,0
37649,0
37671,0
37688,0
37627,0
37632,0
37633,0
37639,0
37640,0
37642,0
37643,0
38100,1
37647,0
37691,0
37696,0
67575,1
46047,1
37697,0
37699,0
67473,0
38102,1
38104,1
38108,1
38379,0
38110,1
38112,1
38381,0
38382,0
38114,1
38116,1
38122,1
38124,1
38126,1
38154,0
38239,1
38159,1
38162,1
38165,1
38173,1
38170,0
38259,0
38384,0
38176,1
38179,1
38226,0
38228,0
38268,0
38229,1
38271,0
38272,0
38274,0
55618,0
38279,0
38444,0
38300,1
38461,0
38302,1
38304,1
38312,1
38462,0
38315,0
38319,0
38321,1
38322,0
38324,0
38350,0
38364,0
38368,0
38467,0
38372,0
38387,0
38440,0
38442,0
38446,0
38448,0
38458,0
38464,0
38459,0
38468,0
38465,0
55268,1
38470,0
38471,0
38527,1
55270,1
38528,0
38530,0
38531,0
38533,1
38536,0
46539,1
46537,1
38539,0
39108,1
38542,0
38642,0
38543,0
38551,0
38667,0
38547,0
38550,0
38554,0
38556,0
38557,0
38559,0
38640,0
38709,0
38723,0
38644,0
38678,0
38838,0
38855,0
38871,0
38685,0
38875,0
39110,1
38690,0
38700,0
38704,0
38707,0
38729,0
38820,0
38822,0
38828,0
39118,1
38829,0
38835,0
39104,1
39106,1
38836,0
38877,0
38879,0
38889,0
38895,0
38899,0
39112,1
39114,1
39116,1
39120,1
39122,1
39126,1
39128,1
47058,1
47057,1
39167,1
39171,1
39175,1
39179,1
39217,1
39629,0
39638,0
39218,1
39646,0
39649,0
47059,1
40668,1
39221,1
39240,0
39245,1
39249,1
39261,0
39264,1
39279,0
39288,1
39291,1
39307,0
39317,0
39319,0
39326,1
39340,0
39343,0
47119,1
39443,0
39444,0
39446,0
39448,0
39517,0
39524,0
39539,0
39345,0
39576,0
39356,0
39359,0
39365,0
39387,0
39393,0
39397,0
39418,0
39435,0
39579,0
40219,1
40670,1
40699,1
40721,1
39590,0
39596,0
39606,0
39615,0
39619,0
39624,0
39628,0
40210,1
40723,1
40211,1
40878,1
40212,1
40213,1
40215,1
41466,1
40217,1
40468,1
40221,1
41539,1
41540,1
40223,1
40225,1
40227,1
40229,1
40470,1
40231,1
40474,1
40233,1
40235,1
41541,1
40237,1
40239,1
40472,1
40597,1
40476,1
40479,1
40477,1
40547,1
40489,1
40545,1
40589,1
40599,1
40591,1
40593,1
40625,1
40595,1
40627,1
40629,1
40667,1
40724,1
40880,1
40764,1
40789,1
40883,1
40885,1
40822,1
40882,1
41061,1
41065,1
41063,1
41068,1
41066,1
41179,1
41169,1
41238,1
41239,1
41334,1
41189,1
41363,1
41366,1
41372,1
41379,1
41462,1
41464,1
46149,1
41468,1
41469,1
41470,1
41472,1
41515,1
41516,1
46236,1
41517,1
41542,1
41747,1
41748,1
41749,1
41564,1
41751,1
41812,1
41812,1
41352,1
41836,1
41844,1
41569,1
42109,1
42103,1
42105,1
42107,1
42111,1
42113,1
42115,1
42117,1
42279,1
45145,1
42281,1
42283,1
42285,1
42327,1
45147,1
42329,1
42349,1
44149,1
42369,1
42389,1
42399,1
42477,1
42489,1
42499,1
47137,1
42549,1
42899,1
42551,1
42929,1
44135,1
42553,1
42555,1
55619,0
42579,1
42651,1
44225,1
42653,1
44137,1
42655,1
44143,1
42657,1
42659,1
44145,1
42697,1
42699,1
44147,1
42719,1
42781,1
42799,1
42853,1
44229,1
42855,1
42857,1
42859,1
42897,1
44263,1
44139,1
44141,1
44227,1
44265,1
44267,1
44379,1
44269,1
44287,1
67688,0
44289,1
44309,1
44629,1
44319,1
44328,1
44329,1
44339,1
44357,1
44359,1
44369,1
44649,1
44388,1
44532,1
44791,1
44534,1
45279,1
44536,1
44575,1
44577,1
44793,1
44579,1
45309,1
44581,1
44623,1
44795,1
44625,1
44627,1
44628,1
45128,1
44651,1
44652,1
44653,1
44787,1
44789,1
44797,1
44799,1
44801,1
44803,1
45130,1
41849,1
44805,1
44807,1
45131,1
44809,1
45133,1
45134,1
44866,1
44867,1
44869,1
45468,1
44879,1
44892,1
45136,1
44894,1
45127,1
45149,1
45239,1
45219,1
45276,1
45257,1
45259,1
45289,1
45307,1
45326,1
45327,1
45473,1
45329,1
45355,1
45356,1
45357,1
45359,1
45470,1
45472,1
45475,1
45479,1
45657,1
45659,1
45481,1
45527,1
45529,1
45549,1
41849,1
67816,0
46483,1
45661,1
45665,1
45663,1
45699,1
45701,1
45711,1
45721,1
45731,1
45881,1
45883,1
45739,1
67817,0
45768,1
45770,1
45772,1
45884,1
45886,1
45891,1
45894,1
45896,1
45892,1
45897,1
45899,1
45964,1
45966,1
45968,1
46045,1
46049,1
46117,1
67819,0
68647,1
46238,1
46119,1
46240,1
46145,1
46147,1
46342,0
46242,1
46244,1
46282,1
46284,1
46286,1
46348,1
46354,0
46359,1
46395,0
47178,1
46397,0
46399,0
46414,0
46419,0
46446,0
46459,1
46325,0
46485,1
46535,1
46487,1
46499,1
46519,1
46509,1
47179,1
46562,1
46569,1
47051,1
46514,1
47053,1
47055,1
47138,1
47167,1
47139,1
47166,1
47169,1
47199,1
47226,1
47239,1
47228,1
47249,1
47259,1
47269,1
47441,1
47279,1
47443,1
47625,0
47551,0
47445,1
47623,0
47559,0
47624,0
47447,1
47475,1
47574,0
47509,1
47495,1
47533,0
47506,1
47546,0
56333,1
47589,0
47608,0
47626,0
47627,0
47638,1
47647,1
47652,0
47798,1
47661,1
47665,0
47669,1
47799,1
47803,1
47800,1
47802,1
47804,1
47805,1
47807,1
47809,1
47829,1
47839,1
48143,1
48145,1
48165,1
48147,1
48151,1
48149,1
48153,1
48155,1
48157,1
48167,1
48231,0
47877,1
47906,1
47918,1
48249,0
47929,1
48268,1
48282,0
48291,1
48159,1
48161,1
48163,1
48301,0
48308,1
48324,1
48329,1
48336,0
48341,1
48346,0
48351,1
48369,0
48356,0
56335,0
48361,0
48317,1
55291,0
56337,1
48366,0
48429,0
48431,0
48432,0
48499,0
48455,0
48317,1
56349,0
48465,0
48629,0
48477,0
48653,0
49457,0
48480,0
48488,0
48485,0
56422,0
48493,0
48496,0
48527,0
48529,0
48531,0
48565,0
48599,0
48607,0
55424,1
55294,1
48612,0
49809,0
48619,0
48703,0
48624,0
49080,1
48683,0
48691,0
49219,1
48712,0
48720,0
48727,0
48739,0
49074,1
55432,0
49076,1
49078,1
49082,1
49084,1
49086,1
49088,1
49090,1
49124,1
49134,1
49143,1
49152,0
48734,1
49176,1
49163,0
49170,1
49179,1
55435,1
49324,0
49186,1
49326,0
49328,1
49191,1
57584,0
57583,0
49196,1
49356,0
57586,0
49201,0
49205,1
49214,0
49377,0
49393,0
49401,0
49451,0
49406,0
49413,0
49419,0
49424,0
49429,0
49434,0
49439,0
49448,0
49453,0
49456,0
49459,0
49477,0
49479,0
49492,0
49846,0
49497,0
49504,1
49577,0
49509,0
49525,1
49536,1
49545,1
49584,0
49549,0
49596,0
49565,1
49586,0
49593,0
49594,0
49597,0
49599,0
49610,0
49624,0
49626,0
49635,0
49632,0
49637,0
49661,0
49688,0
49681,0
49685,0
49692,0
49808,0
49696,0
50127,1
49699,0
49716,0
49733,0
49740,0
49770,0
49774,0
49777,0
49744,0
70567,1
50126,1
49751,0
49757,0
49762,0
49779,0
49767,0
49811,0
49824,0
49828,0
49832,0
49835,0
49838,0
50129,1
70569,1
49843,0
49844,0
52399,1
50739,1
49847,0
49849,0
50169,1
50931,1
50170,1
50933,1
55437,1
50765,1
50171,1
50181,1
70597,1
70839,1
50189,1
51145,1
51147,1
50226,1
50259,1
50321,1
50354,1
71032,1
50389,1
50374,1
50667,1
50668,1
50670,1
55450,1
51371,1
50674,1
55457,1
50676,1
50672,1
50677,1
53518,0
50678,1
50827,1
50679,1
50859,1
53520,0
50733,1
50735,1
53539,0
67147,0
50737,1
50767,1
50769,1
51375,1
50823,1
51379,1
50825,1
51519,1
50829,1
51545,0
51570,0
51580,0
51588,0
50858,1
50935,1
56818,0
50937,1
56820,0
50939,1
51597,0
52062,1
50968,1
56821,0
50969,1
53545,0
50996,1
50997,1
50999,1
52064,1
51061,1
52066,1
53547,0
51065,1
51063,1
53557,0
51067,1
51069,1
51103,1
52068,1
51105,1
51143,1
51107,1
51109,1
51149,1
53840,1
51373,1
53913,1
53919,1
51377,1
51381,1
53925,0
53937,0
53940,0
51399,1
51427,1
51429,1
53945,0
51465,1
54290,0
51467,1
51469,1
51491,1
51503,1
51515,1
52070,1
51598,1
52072,1
52074,1
52076,1
52222,1
51643,0
52078,1
52223,1
51645,0
51647,0
51674,0
52224,1
51688,1
51702,0
51709,0
51766,1
51789,1
52080,1
52146,1
52152,1
52134,1
52156,0
52351,0
52249,1
52159,1
53113,1
52349,0
52353,0
52355,0
52372,0
52388,1
52382,1
52379,1
52385,0
54584,0
52396,0
52428,0
52441,1
52391,1
53115,1
52393,1
54585,0
52445,1
52457,1
53119,1
53117,1
52459,1
52477,1
54586,0
52499,1
52511,1
52525,1
53121,1
53123,1
53173,1
53125,1
53127,1
53129,1
53175,1
53225,1
53177,1
53507,0
53179,1
53508,0
53227,1
54587,0
53229,1
53332,1
53340,1
53343,1
53347,1
53359,1
53424,1
53426,0
52531,1
53474,0
53489,0
53498,0
52538,1
55459,1
53111,1
53501,1
53506,0
53533,0
53534,0
53560,0
53505,1
53562,0
53572,0
53567,1
53577,0
53578,1
54313,0
53619,1
53579,0
53639,1
53721,1
53604,1
54314,0
53757,1
54316,0
54317,0
53773,1
53842,1
53844,1
53859,1
53879,1
53881,1
53894,1
53783,0
53902,1
53909,1
53947,0
53949,0
54292,0
53797,1
54293,0
54294,0
53804,1
53809,1
53819,1
54295,0
54296,0
54298,0
54306,0
54308,0
54344,0
54309,0
54310,0
54455,0
54311,0
56637,1
63179,1
54318,0
54589,0
54320,0
54329,0
55491,0
54331,0
54332,0
54338,0
54340,0
54346,0
54341,0
54343,0
54456,0
54347,0
54349,0
54411,0
54413,0
54421,0
54459,0
54422,0
67150,0
54424,0
54426,0
54487,0
54427,0
54429,0
54439,0
54441,0
54450,0
54451,0
55543,1
67149,0
54453,0
67159,0
54457,0
54470,0
54492,0
54472,0
54483,0
54484,0
54486,0
54497,0
54498,0
54516,0
54518,0
54528,0
54523,0
54524,0
54526,0
54529,0
54531,0
54533,0
54536,0
54538,0
54534,0
54550,0
54552,0
55578,0
54558,0
54568,0
55621,0
54574,0
54576,0
54570,0
54612,0
54578,0
54579,0
54595,0
67161,0
54597,0
54610,0
54608,0
54611,0
54616,0
54617,0
54619,0
55627,0
54634,0
54636,0
54646,0
55218,1
54647,0
54664,0
54649,0
54666,0
54668,0
54655,0
55252,1
54657,0
54687,0
54689,0
54662,0
55116,1
55118,1
54669,0
55129,1
54673,0
54675,0
55232,0
55130,1
55131,1
55237,0
55234,0
55239,0
55246,1
55278,1
55288,0
55296,1
55299,0
55411,1
55413,1
55422,0
55425,1
55430,0
55442,0
55444,1
55452,1
55629,0
55469,0
55571,0
55743,0
55471,0
55756,0
55758,0
55765,0
55481,0
55483,0
55487,0
55767,0
57647,0
55271,0
55276,0
55283,0
55490,0
55494,0
55583,1
57648,0
55496,0
55497,0
55499,0
55585,1
58089,1
58091,1
58093,1
58095,1
55546,1
55559,1
58566,1
55545,1
55576,0
55593,1
55595,1
58579,1
55566,0
55568,0
55569,0
55590,0
55596,0
55592,0
55599,0
58553,1
55624,0
55626,0
55768,0
55774,0
55777,0
55776,0
55779,0
55606,0
55608,0
56070,1
56068,1
56112,1
56072,1
56073,1
56075,1
67165,1
56076,1
56077,1
56133,1
56154,0
56130,1
56170,1
60385,1
56249,0
56179,1
56132,1
56218,1
56203,1
56204,1
56182,1
56206,1
56220,1
56235,1
56191,1
56237,1
56253,0
56281,0
56283,0
56254,0
56291,0
56294,0
56269,0
56242,0
56271,1
56276,0
56288,0
56290,0
56295,0
56244,0
56299,1
56307,0
56305,0
56316,0
56317,0
56321,1
56323,1
56329,0
56322,0
56330,1
56332,1
56338,1
56424,0
56340,1
56355,0
56341,0
56346,0
56348,0
56357,0
56368,0
56370,0
56428,0
56377,1
56427,0
56410,0
56412,0
56656,1
56659,1
56414,0
56457,0
56379,1
56459,0
56462,0
60439,1
56470,0
56472,0
60489,1
56566,1
56477,0
56567,1
56575,1
60596,1
56479,0
56564,1
60594,1
56581,1
56579,1
60598,1
56588,0
56584,1
56589,1
56598,1
56593,0
56587,0
56626,1
56630,1
56642,0
56727,0
56729,0
56736,0
56645,1
56648,1
56651,0
56653,1
56743,0
56745,0
56746,0
56812,0
56814,0
56751,0
56753,0
56754,0
56759,0
56761,0
56766,0
56767,0
56769,0
67229,0
56823,0
56828,0
56825,0
56826,0
56856,0
56858,0
56829,0
56859,0
61389,1
56841,0
57076,1
57078,1
56594,0
56843,0
56850,0
56861,0
56862,0
56864,0
56865,0
56867,0
56869,0
57072,1
56599,1
57518,0
57074,1
57080,1
57223,1
57234,1
57250,1
57520,0
57290,1
57258,1
57271,1
57578,0
57299,0
57587,0
57589,0
57339,0
57368,1
57319,0
57334,0
57632,0
57462,1
57392,0
57482,1
57399,1
57489,1
57636,0
57413,0
57439,1
57539,0
57537,0
57641,0
57555,1
57548,0
57644,0
57642,0
57562,1
57567,0
57580,0
57581,0
57645,0
57610,0
57572,1
57612,0
57577,0
57614,0
57627,0
57629,0
57638,0
57639,0
58097,1
58099,1
58119,1
58135,1
58239,1
57635,0
58332,1
58256,1
58285,1
58339,1
58300,1
58313,1
58452,1
59063,1
58453,1
58454,1
58455,1
58456,1
59065,1
58507,1
59067,1
59069,1
59071,1
58509,1
58706,1
58708,1
58511,1
58710,1
58730,1
58739,1
58762,1
58769,1
58791,1
58802,1
58809,1
58840,1
58849,1
59423,1
58513,1
58515,1
63067,1
58540,1
59073,1
58636,1
58638,1
58640,1
58642,1
58644,1
58675,1
59075,1
59077,1
59425,1
59505,1
59510,1
59514,1
59519,1
59174,1
59192,1
59555,0
59556,0
59199,1
59227,1
59427,1
59229,1
59439,1
60313,1
59269,0
59457,1
59302,1
59320,0
59469,1
59494,1
59557,0
59558,0
59581,0
59590,0
59597,0
59602,0
59609,0
59755,0
59329,0
59757,1
59759,0
59821,0
59823,0
59846,0
59872,0
59889,0
59909,0
59929,0
59939,0
59955,0
59964,0
59969,0
60306,1
59348,1
59368,1
59379,1
59387,1
59387,1
60308,1
60310,1
60311,1
60314,1
60316,1
60318,1
60322,1
60323,1
60325,1
60326,1
60386,1
60388,1
60389,1
60431,1
60433,1
60435,1
60437,1
60438,1
60486,1
60487,1
60488,1
60528,1
60529,1
60549,1
60599,1
61137,1
61118,1
65439,1
61130,1
61206,0
61138,1
61209,0
61169,0
61184,1
61273,1
61191,1
61231,0
61194,0
61197,0
61267,1
61200,0
61203,0
61239,0
61250,0
61276,0
61350,1
61279,0
61348,1
61352,1
61381,1
61440,1
61449,1
65623,0
61462,1
63075,1
61476,1
63069,1
61479,1
63065,1
63110,1
63165,1
63128,1
63150,1
63225,1
63322,1
63263,1
63452,1
63303,1
63454,1
63329,1
63450,1
65624,0
63456,1
63477,1
65626,0
63457,1
63457,1
59394,1
63486,1
63500,1
63500,1
59399,1
63526,1
63512,1
65629,0
63533,1
63512,1
63533,1
63517,1
63517,1
65627,0
63538,1
63546,1
63538,1
63543,1
63549,0
63636,0
63571,0
63579,1
63584,0
63579,1
63599,0
63607,0
63619,0
63628,0
63589,0
63633,0
63637,0
63594,1
63639,0
63654,0
63667,0
63674,0
63679,0
63683,0
63691,0
63694,0
63688,0
63697,0
63739,1
67246,1
63699,0
63741,1
63743,1
63773,1
63755,1
63776,1
63785,1
63755,1
63791,1
63762,1
63791,1
63828,0
63829,1
63768,1
63796,1
63811,1
63796,1
63811,1
63801,1
63814,1
63801,1
63808,1
63856,1
63857,1
63820,1
63860,0
63863,1
63825,1
65795,1
63826,1
63840,1
67251,0
63843,1
63846,1
63849,1
63853,1
63831,0
63834,1
63839,1
63911,1
63916,0
63920,1
63864,1
63867,1
63925,1
63868,1
63869,0
63927,0
63928,0
63930,0
63871,0
63872,1
63874,0
63875,1
63931,0
63877,1
63879,0
63897,0
63906,1
63924,0
63939,1
64283,1
63933,1
63934,1
63936,0
63937,0
64287,1
64289,1
64291,1
64297,1
65185,1
64319,1
64342,1
64331,1
64285,1
64293,1
64295,1
64347,1
64354,0
65187,1
64407,0
64372,1
64380,1
67280,0
64385,0
64367,1
65189,1
65835,1
64390,1
64409,1
64521,1
64395,0
64653,1
64397,1
65843,1
64653,1
64658,1
64401,0
64404,1
64405,0
65191,1
64546,1
65936,1
64560,1
67281,0
64569,1
67283,0
64572,1
64665,1
64579,1
64584,0
64625,1
64589,0
65205,1
64646,1
64668,1
64678,0
64646,1
64673,1
64683,1
64732,0
64683,1
64689,0
64686,1
65203,1
65193,1
64739,0
64711,0
64756,0
64720,1
64750,1
64747,1
64757,0
64753,0
64760,0
64754,0
64832,1
64807,0
64832,1
64839,0
64846,1
64823,1
64859,1
65183,1
64853,0
65195,1
65197,1
65199,1
65201,1
65207,1
65232,1
65239,1
65307,1
65321,0
65329,1
65326,0
65343,1
65366,1
65451,1
65375,1
65474,1
65385,1
65479,1
65388,1
65391,0
64850,1
65396,1
65399,0
65468,1
65510,1
65520,0
65589,0
65527,1
65529,0
65549,0
65550,0
65551,0
65556,0
65558,0
65582,0
65594,0
65604,0
65597,0
65611,0
65599,0
65462,1
65552,0
65553,0
65554,0
65555,0
65606,0
65618,0
65620,0
65719,1
65760,1
65779,1
65812,1
65817,1
65824,1
65830,1
65929,1
65931,1
65933,1
65934,1
66115,1
66117,1
66119,1
66121,1
66123,1
66125,1
66126,1
66359,1
66127,1
66128,1
66129,1
66130,1
66131,1
65614,0
66271,1
66265,1
66280,1
66287,1
66292,1
66299,1
66333,1
66346,1
66500,0
66352,1
76199,1
66450,1
66453,0
66459,1
66482,1
66484,0
66386,1
66497,0
66501,0
66506,0
66507,0
66509,0
66538,1
66539,1
67577,0
66399,1
66424,1
66440,1
66540,1
66892,1
66557,1
66564,1
66571,1
66578,1
66583,1
66904,0
66589,1
66606,1
66620,0
66625,0
66629,0
66636,1
66640,0
67373,1
66649,0
66663,1
66679,1
66687,0
66646,1
66693,0
66701,1
66706,0
66709,0
66773,1
66780,1
66740,1
67578,0
67374,0
66763,1
66793,1
66787,1
66798,1
66802,1
66887,0
66862,0
66806,1
66809,1
66822,1
66839,1
66849,0
66851,0
66869,0
66871,0
66877,0
66879,0
66882,0
66885,0
66894,1
66901,0
66903,0
66907,0
66909,0
67580,1
66914,1
66917,0
67063,1
66916,1
66987,0
66919,0
66953,0
67065,1
66954,0
67127,0
66955,0
66957,0
66969,0
66976,0
66999,0
66978,0
66981,0
67059,1
66989,0
67133,1
66994,0
66996,0
67061,1
67126,0
67071,1
67098,0
67105,1
67067,1
67112,1
67069,1
67141,1
67117,1
67146,0
67122,1
67125,1
67152,0
67157,0
67158,0
67166,1
67167,0
67169,0
67227,1
67240,1
67582,0
67245,1
67256,1
67259,1
67258,1
67378,0
67269,0
67316,0
67273,0
67278,0
67292,0
67271,0
67294,0
67304,0
67363,0
67295,0
67297,0
67305,0
67307,0
67308,0
67310,0
67311,0
67317,0
67319,0
67354,1
67346,1
67360,0
67361,0
67376,0
67377,0
67434,0
67435,0
67454,0
67365,0
67583,0
67459,1
67466,0
67475,0
67480,0
67482,0
67585,0
67483,0
67586,0
67547,1
67487,0
67587,0
67489,0
67551,1
67549,1
67591,1
67550,1
67592,0
67574,1
67655,0
67663,0
67657,0
67659,0
67661,0
67685,0
67677,0
67678,0
67680,0
67681,0
67691,0
67697,0
67693,0
67699,0
67706,0
67707,0
67700,0
67701,0
67705,0
67714,0
67715,0
67593,1
68163,1
67716,0
67718,0
67727,0
67722,0
67728,0
67729,0
67724,0
67725,0
67731,0
67732,0
67734,0
67735,0
67737,0
67742,0
67744,0
67745,0
67746,0
67748,0
67754,0
67749,0
67752,0
67753,0
67757,0
67759,0
67595,0
67806,0
67808,0
67813,0
67814,0
67821,0
67822,0
67823,0
67824,1
67826,0
67827,0
67829,0
68159,1
68161,1
68165,1
68239,1
68259,1
68305,1
68307,1
68309,1
68199,1
68649,0
68219,1
68519,1
68526,1
68535,1
68542,1
68549,1
68809,0
68723,1
68623,1
68623,1
68753,1
68766,1
68775,1
68782,1
69115,1
68789,1
68794,1
68799,1
69117,1
68804,1
93049,1
68642,1
69121,1
69118,1
69120,1
69124,1
69126,1
69151,1
69168,1
69181,1
69190,1
69198,1
69214,1
69207,1
69221,1
69226,1
69123,1
69239,1
69231,1
69245,1
69259,1
69234,1
69250,1
69251,1
69412,0
69427,0
69429,0
69434,0
69436,1
69437,0
69253,1
69254,1
70174,1
69242,1
69439,0
69469,1
69256,1
69257,1
69488,1
69493,1
69483,0
69502,1
69502,1
70176,1
69509,1
69509,1
69514,1
69514,1
69518,1
69517,1
70173,1
70178,1
70186,1
70180,1
70182,1
70184,1
70190,1
70191,1
70192,1
70188,1
76227,1
70193,1
76332,0
70195,1
70197,1
70374,1
70327,1
70329,1
70372,1
70376,1
70378,1
70435,1
70437,1
70565,1
70439,1
70469,1
70199,1
70599,1
71159,0
70499,1
70563,1
70619,1
70629,1
71272,1
78054,0
70734,1
78089,0
78098,0
78112,0
78120,0
70736,1
70771,1
70794,1
71332,1
78136,0
70806,1
72356,0
70825,1
71034,1
78147,0
78148,0
78166,0
78176,0
78183,0
78187,0
78194,0
78199,0
78224,0
78234,0
78239,0
78244,0
78247,0
78250,0
78253,0
78256,0
71063,1
71065,1
76694,0
76698,0
71067,1
71069,1
71083,1
71229,1
71254,1
71263,1
71088,1
71093,1
71101,1
71106,1
71111,1
71116,1
78462,0
71120,1
81373,1
76703,0
78259,0
71131,1
71126,1
71134,1
81375,1
71144,1
81476,1
71139,1
71149,0
81475,1
71409,1
71522,1
71540,0
71154,1
71543,0
71157,1
71277,1
71155,1
81541,1
71546,1
71549,1
71554,1
71560,1
71282,1
81477,1
71287,1
71292,0
81543,1
71297,0
71296,1
72358,0
71299,1
81671,1
71336,1
71334,1
72827,1
71394,1
71397,1
71404,1
71563,1
71364,1
71566,1
71384,1
71570,1
71573,1
73326,1
71576,1
71577,0
71579,0
71634,1
71636,1
71638,1
71640,1
74254,1
71642,1
71679,1
71686,1
71726,1
71691,1
71696,1
81673,1
71665,1
71665,1
71701,1
71706,1
71672,1
71729,1
71732,1
71735,1
71711,1
71717,1
71720,0
71723,1
71739,1
72070,1
72072,1
72076,1
72108,1
71735,1
72116,1
72119,1
72074,1
72124,1
72127,1
72131,0
72184,0
72135,1
72138,1
72141,1
76707,0
72144,1
72145,0
72147,1
72229,0
72250,0
72270,0
72275,0
72280,0
72149,0
72160,0
72172,0
72175,0
72178,0
72181,0
72186,0
72285,0
72290,0
72293,0
72294,0
72296,0
72297,0
72189,0
72202,0
72213,0
72218,1
72221,0
72224,0
72226,0
72227,0
72299,0
72336,0
72348,0
72351,0
72355,0
72359,0
72365,0
72361,0
72367,0
72362,0
72364,0
72369,0
72379,0
72393,0
72401,0
72406,0
72411,0
72414,0
72415,0
72475,0
72417,0
72574,1
72581,1
72582,0
72584,1
72419,0
72585,1
72458,0
72587,0
72589,0
71737,1
72459,0
72622,1
72461,0
72469,0
72474,0
72477,0
72631,1
76770,0
72479,0
72488,0
72501,0
72636,1
72505,0
72510,0
72639,1
72511,0
72513,0
72514,0
76709,1
72516,0
72517,0
72519,0
72535,0
72525,0
72531,0
72532,0
72534,0
76771,0
72537,0
72539,0
72555,1
72644,1
72655,1
72649,1
74257,1
72654,1
74259,0
76773,0
72657,1
73431,0
72658,1
72660,1
72768,1
72770,1
72661,1
72793,1
72800,1
72805,1
72810,1
72813,1
72818,0
72820,1
73432,0
74348,1
74354,1
74357,1
72663,1
74360,1
72664,1
73525,0
73527,0
73529,1
73450,0
73453,0
73540,0
73547,1
73550,0
73553,1
73557,0
73560,0
73563,0
73565,0
73566,0
72666,1
72667,1
73568,0
73457,0
73460,0
73569,0
73463,0
73466,0
73467,0
73469,0
73479,0
73571,0
72669,1
73485,0
72760,1
73486,0
72762,1
72764,1
72766,1
72829,0
73033,1
73488,0
73489,0
73491,0
73492,0
73035,1
73494,0
73495,0
73037,1
73497,0
73499,0
73054,1
73084,1
73061,1
73087,1
73066,1
73092,1
73072,1
73095,1
73079,1
73098,1
73101,1
73102,1
73099,1
73104,1
76774,0
73105,1
73107,1
73575,0
73108,1
73110,1
73111,0
73577,0
73579,0
73614,1
76776,1
73114,1
73116,1
73117,1
73119,1
73207,1
73230,1
73235,1
76777,0
76779,0
76829,0
73240,1
73113,1
73728,1
73730,1
73249,1
81735,1
73252,0
73257,1
81737,1
82340,1
73262,1
82343,1
82346,1
73265,1
73734,1
73760,1
73266,1
73268,0
73269,1
73776,1
82347,0
73271,1
82541,1
73272,1
73274,1
73275,1
82544,1
82547,0
82549,0
73329,1
84028,0
73333,1
73337,1
73340,1
73342,1
73344,1
73345,0
73347,0
73349,0
73430,0
84030,0
73433,0
73434,0
73441,0
84032,0
73447,0
73572,0
73574,0
84036,0
84048,0
84051,0
84056,0
84061,0
73630,1
73277,1
73635,1
73278,1
73642,1
84066,0
84069,1
73312,1
73650,1
73655,1
73660,1
73663,1
84072,0
84076,0
84079,0
73666,1
73667,0
84082,0
84091,0
84092,0
84094,0
84095,0
84097,0
84098,0
84100,0
84101,0
84103,0
84104,0
84085,1
84106,0
84088,0
84107,0
73669,1
84307,0
84323,0
84326,0
84329,0
84332,0
84333,0
84335,0
84337,0
84339,0
84347,0
84359,0
84364,0
84367,0
84371,0
84375,0
73732,1
73779,1
84378,0
84381,0
73733,1
84384,0
84385,0
84387,0
84389,0
84405,0
84089,0
84416,0
84419,0
84424,1
84427,0
84428,0
84431,0
84432,0
84434,0
84435,0
73770,1
73765,1
74072,1
84437,0
73773,1
84539,0
84543,0
84544,0
84546,0
74074,1
84571,0
84439,0
74076,1
74078,1
74080,1
74081,1
74172,1
84453,0
84478,0
84489,0
84494,0
84503,0
84508,0
84513,0
84518,0
74177,1
84524,0
84529,0
84533,0
74182,1
74206,1
74189,1
74193,1
74196,1
74199,1
84573,0
84574,0
74223,1
74226,1
74229,1
74232,1
74235,1
74238,0
74239,0
74243,0
74245,1
74246,1
74248,1
76846,0
76848,0
74249,0
74251,1
74252,1
74255,0
74321,1
74336,1
74211,1
74214,0
74219,0
74363,0
74366,1
74369,1
78591,0
74372,0
74374,0
74343,1
74385,1
74376,1
74379,1
74388,1
74382,1
85053,1
74391,1
74389,0
85055,1
74392,1
74394,1
74395,1
74535,0
74538,0
74541,0
74542,0
74544,0
74399,1
74545,0
74397,0
74592,0
74594,0
74595,0
74597,0
74599,0
74613,0
74626,1
74629,0
74632,0
74405,0
74635,0
74638,0
74417,0
74639,0
74420,0
74653,0
74423,0
74670,0
74673,0
74424,0
74547,0
74549,0
74564,0
74426,0
74572,0
74427,0
74575,0
74579,0
74582,0
74429,0
74585,0
74523,0
74586,0
74532,0
74589,0
74676,0
74679,0
74706,0
74722,0
74677,0
74862,0
74864,0
74731,0
74736,0
74740,0
74743,0
74744,0
74746,0
74747,0
74749,0
74821,0
74831,1
74834,0
74838,0
74842,0
74847,0
74850,0
74855,0
74858,0
74861,1
74865,0
74867,0
74869,0
74889,0
74933,0
74909,1
75173,1
74906,1
74912,0
75172,1
74915,0
74925,0
80335,1
74918,0
74921,0
74927,0
75179,1
74928,0
74924,0
75175,1
74934,0
74936,0
74930,0
74931,1
85088,1
85057,1
85072,0
85077,1
85080,1
85084,1
85092,1
85095,1
85098,1
74939,0
74937,0
75015,0
75031,0
81241,1
85238,1
75045,1
75038,0
75050,0
85241,1
85258,1
75053,0
85244,1
81243,1
85247,1
85250,1
75056,0
85253,0
75057,0
85254,1
85259,0
85276,0
85256,1
75059,0
85283,0
85290,1
85296,1
85298,0
85301,0
85302,0
75177,1
85293,1
75228,1
75180,1
75233,1
85304,0
75181,1
75203,1
85452,1
75196,1
75334,1
85456,0
85305,1
85307,0
75210,1
85309,1
85457,1
85354,1
75217,1
75223,1
85459,0
85356,0
85368,0
85375,1
75236,1
75239,1
75242,1
85461,0
75245,1
75248,1
75249,1
85462,0
85464,1
85465,0
85467,1
85469,0
75305,1
75323,0
75328,0
75331,1
75335,0
75337,0
75339,0
75365,0
75378,0
85653,1
85656,0
85658,1
85659,1
75382,0
85661,1
75385,0
75387,0
75389,0
76137,1
75395,1
75391,1
76139,1
76149,1
75397,0
75392,1
75394,0
75443,1
75399,1
75446,1
75417,1
75428,1
75447,0
75449,1
75433,1
81247,1
75438,0
76131,1
76185,1
81245,1
81249,1
76133,1
76135,1
76187,1
76189,1
76228,1
76229,1
76275,1
76461,0
76287,1
80337,1
80336,1
76297,1
76307,1
76316,1
76327,1
76337,1
76344,1
76351,0
76467,0
76356,1
76359,1
76437,0
76448,1
76456,0
76477,0
76470,0
76479,0
76473,0
76532,0
76534,0
76547,0
76474,1
76476,0
76530,0
76549,0
76571,0
76593,0
76596,0
76689,0
76597,0
76599,0
76646,0
76661,0
80339,1
76676,0
76684,0
76669,1
76706,0
76726,0
76744,1
76751,0
76756,0
76761,0
76764,0
76767,1
76768,0
76831,0
76833,0
76835,0
76855,0
76857,0
76863,0
80538,1
80469,1
76865,0
76870,0
77652,0
76872,0
76877,0
77709,0
77716,0
76879,0
80539,1
76887,0
76889,0
76891,0
77654,0
77799,0
77815,0
77797,0
77656,0
77723,0
77728,0
77694,0
77731,0
77736,0
80634,1
77704,0
77740,0
77743,0
77746,0
77749,0
77889,0
77933,0
77756,0
77761,0
77948,0
77955,0
77767,0
77770,0
77773,0
77776,0
77781,0
80636,1
77784,0
80637,1
77787,0
80638,1
77790,0
77791,0
77793,0
80639,1
77794,0
77796,0
77830,0
77833,0
77836,0
77839,0
77855,0
77866,0
77871,0
77876,0
77880,0
77883,0
77972,0
77886,0
77887,0
77960,0
77963,0
81369,1
77966,0
77974,0
77971,0
81371,1
77975,0
78048,0
77977,0
77978,0
78050,0
78052,0
78056,0
78073,0
78078,0
80689,1
78083,0
78086,0
78087,0
78126,0
78132,0
78141,0
78144,0
78262,0
80796,1
78266,0
78267,0
80797,1
78269,0
78315,0
78333,0
78337,0
80798,1
78343,0
78345,0
78351,0
78354,0
78355,0
78357,0
78359,0
78464,0
78465,0
80799,1
78467,0
78476,0
78479,0
78559,0
79539,1
78532,0
78549,0
78554,0
78564,0
78567,0
78570,0
78573,0
78576,0
78579,0
78580,0
78582,0
79591,1
78583,0
78585,0
78595,0
78586,0
78598,0
78600,0
78588,0
78601,0
78589,0
78592,0
78594,0
78597,0
79592,1
78603,0
78730,0
78733,0
78736,0
78604,0
79594,1
78606,0
78607,0
80801,1
79540,1
78609,0
78628,0
78647,0
78652,0
78655,0
78658,0
78661,0
79114,1
78662,0
79194,1
78664,0
78665,0
80803,1
78667,0
79224,1
79227,1
79232,1
79235,1
78669,0
78713,0
78727,0
79238,1
78737,0
79249,1
79252,1
78739,0
79098,1
79100,1
79102,1
79104,1
79292,1
79106,1
79108,1
79110,1
79294,1
79111,1
79112,1
79295,0
79115,1
79117,1
79183,1
79365,0
79189,1
79199,1
79206,1
79211,1
79215,0
79219,0
79241,1
79244,1
79254,1
79256,1
79258,0
79261,0
79263,0
79367,0
79268,1
79271,0
79274,0
79276,1
79279,1
79280,1
79369,0
79379,0
79282,0
79283,1
79285,1
79286,1
80804,1
80802,1
79288,1
79595,1
79291,1
79297,0
79289,1
79346,0
79348,1
79350,1
79353,0
79356,1
79359,0
79361,0
79599,0
79299,1
79312,1
79618,1
79362,0
79331,1
79336,0
79341,0
79364,0
79761,0
79771,0
79774,0
79777,0
79597,1
79780,0
79395,0
80805,1
79400,1
79410,0
79874,0
79875,0
79415,0
79418,0
79423,0
79424,0
79426,0
79541,1
79427,0
79429,0
80807,1
79576,1
79585,1
79588,1
79589,1
79639,1
79650,1
79664,0
79669,0
79674,0
79677,0
79682,0
79685,0
80331,1
80809,1
79686,0
79688,0
79689,1
79692,0
80935,1
80933,1
79694,0
79695,0
79713,0
79725,0
79730,0
79733,0
79736,0
79737,0
79739,1
79787,0
79790,0
79793,0
79798,0
79801,0
79802,0
79804,0
79805,0
80937,1
79807,0
79809,0
79822,0
79837,0
79843,0
79848,0
79853,0
80992,1
79856,0
79859,0
79862,0
79865,0
79868,0
79871,0
79872,0
79877,0
79879,0
80993,1
80686,1
80687,1
80999,1
80939,1
80995,1
80997,1
81377,1
81379,1
81479,1
81539,1
81545,1
81547,1
81549,1
81667,1
81669,1
81675,1
81677,1
81679,1
81739,1
81825,1
81827,1
81829,1
81925,1
81927,1
81929,1
83022,0
82008,1
82024,1
83109,0
83112,0
83115,0
83119,0
83122,0
83123,0
83125,0
83126,0
83128,0
83129,0
83131,0
83132,0
83134,0
83135,0
83137,0
83139,0
83209,0
83224,0
80333,1
83229,0
83233,0
83236,0
83242,0
83246,0
82049,1
82054,1
82057,1
82061,1
82064,1
83370,0
82065,1
82067,1
99085,1
82031,1
82041,1
83250,0
83253,0
83254,0
83256,0
83257,0
83259,0
82069,1
83278,0
83301,0
83308,0
83313,0
83317,0
83324,0
83329,0
83334,0
83339,0
83342,0
83346,0
83349,0
83352,0
83355,0
83358,0
83361,0
83362,0
82166,1
82178,1
82194,1
82110,1
82205,1
82211,0
82131,1
82140,1
82216,1
83371,0
83373,0
82223,1
82229,1
82234,1
82152,1
82237,1
82279,1
82281,0
82239,1
82256,1
82284,1
83556,0
83558,1
82285,0
82266,1
82287,1
82269,1
83708,0
82272,1
83714,0
83727,0
83730,0
83734,0
83735,0
83737,0
82288,1
82290,1
82291,1
82275,1
82293,0
82276,0
82278,0
82294,0
83539,1
83543,0
82296,1
83544,1
82349,1
82362,0
82377,0
82380,0
82383,0
82386,0
82387,0
82389,0
82390,0
82392,0
82393,0
82395,0
82396,0
82398,0
82399,0
82401,0
82402,0
82404,0
82405,0
82407,0
82409,0
82418,0
82431,0
82432,0
82433,0
82297,0
82435,0
82436,0
82438,0
82439,0
82441,0
82442,0
82444,0
82445,0
82447,0
82449,0
82467,0
82475,0
82481,0
82487,0
82488,0
82490,0
82491,0
82493,0
82494,0
82496,0
82497,0
82499,0
82515,0
82538,0
83024,0
83026,0
83043,0
83052,0
83059,0
83064,0
83071,0
83075,0
83080,0
83083,0
83088,0
83093,0
83098,0
83101,0
83104,0
83364,0
83365,0
83367,0
83368,0
83374,0
83376,0
83377,0
83379,0
83395,0
83404,0
83410,0
83413,0
83416,0
83417,0
83435,0
83451,0
83454,0
83457,0
83458,0
83471,0
83483,0
83486,0
83487,0
83512,0
83527,0
83530,0
83533,0
83536,0
83546,0
83547,0
83549,0
83550,0
83553,1
83555,0
83559,0
83561,0
83562,0
83564,0
83567,0
83569,0
83607,0
83620,1
83623,1
82299,1
83624,1
83626,1
83627,0
83629,0
83646,0
83661,0
83666,0
83670,0
83671,0
83673,0
83674,0
83676,0
83677,0
83679,0
83684,0
83700,0
83703,0
83707,0
84034,0
84109,0
84130,0
84137,0
84140,0
84144,0
84149,0
84152,0
84155,0
84160,0
84163,0
84164,0
84166,0
84168,0
84169,0
84171,0
84172,0
84174,0
84175,0
84177,0
84178,0
84180,0
84181,0
84183,0
84184,0
84186,0
84187,0
84189,0
84547,0
84549,0
84550,0
84552,0
84553,0
84555,0
84556,0
84558,0
84559,0
84561,0
84562,0
84564,0
84565,0
84567,0
84568,0
84570,0
84576,0
84577,0
84579,0
82319,1
82327,1
85049,1
85051,1
82335,1
85101,1
85116,1
85104,1
85107,1
85110,1
85111,1
85113,1
85114,1
85120,1
85122,1
85117,1
85123,1
85125,0
85126,1
85128,1
85129,1
85131,0
85119,1
85132,0
85139,1
85134,1
85221,1
85135,0
85137,1
86150,1
85229,1
85376,1
85232,1
85235,1
85386,1
85391,0
85395,0
85399,1
85402,1
85405,0
85406,0
85408,0
85410,0
85411,1
85413,0
85521,1
85414,0
85416,0
85417,0
85419,0
85435,0
85445,0
85447,0
85540,1
86154,1
86159,1
85579,1
85551,1
85586,1
85560,1
85591,1
85598,1
85567,1
85599,1
85604,1
85570,1
85609,1
85622,1
85614,1
85617,1
85625,1
85630,1
85635,1
85640,1
85643,1
85646,1
85649,1
85652,1
85662,1
85664,1
85665,1
85667,1
85669,1
86163,1
86161,1
85748,1
85716,1
85737,1
86462,1
86444,1
86447,1
86465,1
86470,0
86473,0
85757,1
86450,1
85764,1
86476,0
86477,1
86453,1
86479,0
86480,0
86482,1
86483,0
86485,1
85774,1
86456,1
86459,1
86152,1
86153,1
86556,0
85777,1
85778,1
86502,1
86558,1
86504,1
86559,1
86561,0
86156,1
86505,0
86165,1
86157,1
86167,1
86169,1
86179,1
86199,1
86316,1
86576,0
86650,0
86653,0
86655,0
86657,0
86660,0
86663,0
86666,0
86343,1
86577,1
86579,0
86609,0
86356,1
86633,0
86368,1
86381,0
86391,1
86399,1
86405,1
86415,1
86637,1
86641,0
86643,0
86647,0
86486,1
86488,0
86489,0
86491,0
86492,0
86709,0
86720,0
86732,0
86733,0
86735,0
86736,0
86494,1
86420,1
86424,1
86438,1
86495,1
86441,1
86507,1
86508,1
86510,1
86497,1
86498,0
86500,1
86517,1
86854,0
86856,0
86519,0
86511,1
86513,0
86514,1
86529,0
90425,1
86551,1
90427,1
86562,0
86564,1
86554,1
86565,0
86567,0
86668,1
86568,1
86669,0
86672,1
86673,1
86570,0
86571,0
86674,1
86675,0
86573,1
86676,0
86875,0
86678,0
86679,1
86681,0
86682,0
86684,1
86685,0
86687,0
86688,0
86690,0
86692,1
86694,0
86695,0
86697,0
86698,0
86700,0
86701,0
86703,0
86704,0
86706,1
86574,1
86707,1
86738,0
86739,0
86741,0
86742,0
86744,0
86745,0
86747,0
86748,0
86750,0
86751,0
86753,0
86754,0
86756,0
86757,0
86759,0
86807,0
86825,0
86830,1
86877,0
86836,1
86842,0
86845,1
86850,1
86853,0
86857,0
86859,0
86860,0
86862,0
86863,0
86865,0
86866,1
86833,0
86871,0
86872,1
86868,0
86869,0
86879,0
86874,0
86899,0
86916,0
86919,0
86920,0
86922,0
86911,0
86923,0
86925,0
86926,1
86928,0
86929,0
86938,0
86940,0
86981,0
86983,0
86931,1
87435,0
87437,0
86932,0
87439,0
86934,0
87448,0
86935,0
87452,0
87459,0
87463,0
87466,0
87471,0
87474,0
87477,0
87480,0
87484,0
87668,0
87669,0
87671,0
87672,0
87674,0
87675,0
87677,0
87679,0
87700,0
87719,0
87724,0
87727,0
87730,0
87733,0
88376,0
87734,0
87736,0
87737,0
87739,0
88477,0
86937,1
87740,0
87742,0
87743,0
87745,0
87746,0
88527,0
88529,0
87748,0
87749,0
87751,0
88605,0
88630,0
88631,0
88633,0
88634,0
88636,0
88637,0
88639,0
88662,0
88677,0
88682,0
87752,0
87754,0
87755,0
87757,0
87758,0
87760,0
87766,0
87767,0
87769,0
87770,0
87772,0
87773,0
87775,0
87776,0
87779,0
87781,0
87782,0
87784,0
88718,0
87785,0
87787,0
87789,0
88045,0
88719,0
88046,0
88048,0
88069,0
88074,0
88149,0
88079,0
88161,0
88085,0
88373,0
88167,0
88171,0
88175,0
88178,0
88179,0
88212,0
88213,0
88214,0
88239,0
88250,0
88255,0
88260,0
88263,0
88267,0
88271,0
88273,0
88276,0
88279,0
88281,0
88284,0
89073,1
88285,0
88374,0
88287,0
88289,0
89331,0
88299,0
88316,0
88317,0
88319,0
88326,0
88339,0
88348,0
88377,0
88379,0
88400,0
88410,0
88416,0
88422,0
88427,0
88430,0
88433,0
89335,1
88436,0
88437,0
89344,0
89346,1
89340,1
89343,0
88441,0
88444,0
88447,0
88448,0
88450,0
88451,0
88453,0
88454,0
88456,0
88457,0
88459,0
88471,0
88483,0
88480,0
88481,0
88690,0
88484,0
88693,0
88486,0
88696,0
88487,0
88697,0
88489,0
88699,0
88499,0
88709,0
89075,1
88512,0
88515,0
88518,0
88521,0
88524,0
88525,0
89171,1
89173,0
89077,1
89174,0
89176,0
89177,0
89179,1
89079,1
89081,1
89180,0
89129,1
89182,0
89183,0
93073,1
89134,1
89185,1
89186,1
89188,0
89143,1
89189,0
89191,1
93077,1
89150,0
93080,1
93083,1
89155,1
89192,0
93086,1
89160,1
89194,0
93090,1
93092,1
93093,1
93095,1
89195,1
93182,1
89165,0
89168,0
93183,1
93185,0
93186,1
93188,1
93189,0
93191,0
93192,1
89197,0
93194,0
93195,1
93197,1
93199,0
89198,0
93309,1
93343,0
93345,0
93326,0
93346,0
93348,0
93349,1
93351,1
93333,1
93336,1
93339,0
93352,0
93354,0
89231,1
89233,1
89250,1
89257,1
89264,1
89269,1
89275,1
93342,1
89278,1
89281,0
89284,1
93359,0
93413,0
93426,0
89291,1
89293,0
89294,0
93488,0
93489,0
93491,0
93492,0
93494,0
93495,0
93497,0
93499,0
89296,0
89297,1
89287,1
89299,0
89312,0
89347,0
89349,0
89290,0
89350,0
89352,0
93437,0
89353,0
89355,0
93444,0
89356,0
89358,0
93449,0
89359,0
93453,0
93455,0
93458,0
93462,0
89361,0
89362,0
93464,0
89364,0
94078,0
93466,0
93468,0
89365,0
93470,0
89367,0
93471,0
89368,0
93473,0
89407,0
93474,0
93476,0
93477,0
93479,0
93480,0
93482,0
93483,0
93485,0
93486,0
89431,0
89415,0
89420,0
89434,0
89435,0
89437,0
89438,0
89440,0
89441,0
89443,0
89446,0
89447,0
94104,0
94107,0
94110,0
94113,0
94116,0
94118,0
94121,0
94124,0
94127,0
94130,0
94133,0
89423,0
94136,0
89426,0
94137,0
89428,0
89429,0
94139,0
94081,0
94140,0
94142,0
94086,0
94143,0
94089,0
94094,0
94145,0
94099,0
94146,0
89518,0
89568,0
89584,0
89520,0
89522,0
89537,0
89542,0
94249,0
94250,0
94252,0
94253,0
89597,0
89601,0
89547,1
89551,0
89555,0
89604,0
89605,0
94255,0
94256,0
94258,0
94259,0
94261,0
94262,0
94264,0
94265,0
94267,0
94269,0
94315,0
94327,0
94330,0
94333,0
89558,1
89561,0
89564,0
89567,0
94148,0
94149,0
94151,0
94152,0
94154,0
94157,0
94158,0
94160,0
94161,0
94163,0
94164,0
94166,0
94167,0
94169,0
94209,0
94227,0
94234,0
94239,0
94244,0
89607,0
94336,0
94339,0
94342,0
89608,0
89617,0
94347,0
94348,0
94350,0
94351,0
89610,0
89611,0
89613,0
90469,1
90439,1
94344,0
94345,0
89614,0
90408,1
89616,0
90409,1
94353,0
94354,0
94356,0
94357,0
94359,0
94360,0
94362,0
89619,0
90419,1
94363,0
94365,0
90402,1
90403,1
94366,0
90429,1
94544,0
94545,0
94547,0
94548,0
94550,0
94551,0
94553,0
94554,0
90411,1
94556,0
94557,0
94559,0
94474,0
94560,0
94562,0
94481,0
94563,0
90431,1
94486,0
90441,1
94491,0
90471,1
90443,1
94496,0
90473,1
90475,1
94501,0
94505,0
94508,0
90449,1
94513,0
90451,1
94518,0
90453,1
94522,0
90455,1
94526,0
94527,0
94529,0
90459,1
94530,0
90478,1
90461,1
94532,0
90482,1
90480,1
90489,1
90547,1
90491,1
90552,1
90513,1
90518,1
90522,1
90530,1
90537,1
90542,1
90617,1
90619,0
90766,1
90768,1
90762,1
91083,1
91085,1
91086,1
94566,0
94568,0
94569,0
94571,0
94572,0
90556,1
90763,1
90765,1
91093,1
90559,1
91094,1
90562,1
91096,1
94574,0
94575,0
94577,0
90571,1
94579,0
91052,1
90574,1
91054,1
91056,1
90579,1
91186,1
91187,0
91189,1
90584,1
90587,1
91207,1
90592,1
90596,1
91217,0
90599,0
91220,1
91058,1
91074,1
91077,1
91224,0
91080,1
91227,1
91088,1
91090,1
91247,0
91230,0
91233,1
91249,0
91257,0
91235,0
91236,0
91238,1
91239,1
91275,0
91278,0
91241,1
91242,1
91244,1
91281,0
91091,1
91097,1
91245,0
91282,0
91099,1
91284,0
91286,0
91126,1
91154,1
91287,0
91161,1
91289,0
91301,1
91166,1
91315,1
91171,0
91174,0
91177,0
91180,1
91183,1
91356,0
91358,1
91359,0
91361,1
91362,0
91364,0
95126,0
95131,0
95138,0
91365,0
91315,1
91367,0
95145,0
95152,0
95158,0
95163,0
95168,0
95173,0
95176,0
95179,0
91320,0
95180,0
91322,1
91369,0
91413,0
91438,0
91443,0
91448,1
91452,0
91456,0
91459,0
91460,0
91474,0
91475,0
91477,0
91478,0
91480,0
91481,0
91483,0
91484,0
91489,1
91522,0
91541,0
91550,0
91555,0
91560,1
91564,0
91567,0
91572,0
91575,1
91578,0
91580,0
91583,0
91586,0
91587,0
91589,0
91590,0
92700,0
92702,0
92718,0
92720,0
92721,0
92723,0
92724,0
92726,0
92727,0
91325,1
92729,0
95182,0
95183,0
95185,0
95186,0
91327,0
93051,1
95188,0
95189,0
95191,0
95192,0
95194,0
95195,0
95197,0
95199,0
95213,0
95233,0
95234,0
95236,0
95237,0
95239,0
95326,0
95336,0
95339,0
95346,0
95349,0
95352,0
95355,0
95356,0
95358,0
95359,0
95361,0
95362,0
95364,0
95365,0
95367,0
95369,0
93053,1
93055,1
95473,0
95478,0
95482,0
95485,0
95488,0
95490,0
93057,1
95491,0
95493,0
95494,0
93059,1
95505,0
95506,0
95508,0
95509,0
95511,0
95512,0
95514,0
95515,0
95517,0
95519,0
93087,1
93089,0
93096,1
93098,1
93099,0
93101,0
93102,1
93104,1
93105,1
93107,1
93109,1
93128,1
93133,1
93138,1
93142,1
93149,1
93152,1
93155,1
93158,0
93161,1
93164,1
93167,0
93170,1
93173,1
93176,1
91330,1
93177,1
93179,0
93180,1
93356,1
93358,0
94032,0
94034,0
94036,0
94051,0
94060,0
94065,0
94072,0
94368,0
94369,0
94371,0
94372,0
94374,0
94375,0
94377,0
94379,0
94405,0
94419,0
94424,0
94428,0
94431,0
94436,0
94437,0
94439,0
94447,0
94469,0
94533,0
94535,0
94536,0
94538,0
94539,0
94541,0
94542,0
95028,0
95030,0
95615,0
95632,0
95643,0
95652,0
95659,0
95666,0
95671,0
95032,0
95100,0
95111,0
95119,0
95444,0
95445,0
95676,0
95679,0
95680,0
95682,0
95683,0
95685,0
95686,0
95688,0
95689,0
95691,0
95692,0
95694,0
95695,0
95697,0
95698,0
95700,0
95701,0
95703,0
95704,0
95706,0
95707,0
95709,0
96047,1
96049,1
95447,0
95448,0
95460,0
95463,0
95466,0
95469,0
95496,0
91332,1
95497,0
95499,0
95500,0
95502,0
95503,0
96050,1
96154,0
96155,1
96157,0
96158,1
96160,0
96052,1
91334,1
96103,1
96106,0
96110,1
96114,1
96117,1
96120,1
96123,1
96126,0
96129,1
96132,0
96135,1
96138,1
96142,0
96145,0
96146,1
96148,1
96149,1
96151,0
96152,0
96161,0
96167,1
96169,1
96163,1
96170,1
91336,1
91338,1
91341,1
91344,0
91346,0
91347,0
91349,0
91350,1
91352,1
91352,1
96172,1
96173,1
96164,1
96175,1
96176,0
96166,0
96487,0
96489,0
96515,0
98529,0
96523,0
96524,0
96528,0
97070,1
97072,1
97074,1
97076,1
97078,1
97080,1
97082,1
97084,1
97199,1
97204,1
97209,1
97215,0
97218,1
97222,1
97225,1
97228,1
97230,1
97232,1
97234,1
97236,1
97237,0
97239,0
97241,1
96178,1
97243,0
97244,0
97246,1
97247,1
97249,1
96179,1
96181,0
96182,0
96184,0
98716,0
98724,0
96185,1
97250,1
96187,0
96188,1
96190,0
96191,1
97252,0
97253,0
97255,0
98743,0
97256,1
97258,0
97259,1
97261,1
97265,1
97267,0
97268,0
97270,1
97271,1
97273,1
97274,1
97276,1
97277,0
97279,1
97280,1
97282,1
97288,1
97289,0
97291,1
97292,1
97294,1
96193,0
97295,1
97297,1
96194,1
97299,1
97318,1
97320,0
97332,1
96196,0
96197,0
96199,1
96215,0
97334,0
97350,0
97353,0
97355,0
97464,1
97469,1
97475,0
97478,0
97483,1
97337,1
97340,0
97486,0
97523,0
97488,1
97525,1
97526,1
97528,0
97529,1
97531,1
97532,1
97537,1
97534,1
97539,0
97616,0
97618,0
97631,0
97633,0
97638,0
97640,0
97645,0
97647,0
97650,0
97653,0
97654,0
97656,0
97657,0
97659,0
97688,0
97729,1
97737,0
97753,0
97535,1
97788,0
97789,0
97791,0
97792,0
97794,0
97795,0
97797,0
97799,0
97816,0
97828,0
97762,0
97769,0
97772,0
97773,0
97775,0
97776,0
97778,0
97779,0
97780,0
97782,0
97848,0
97849,0
97851,0
97852,0
97854,0
97857,0
97859,0
97877,0
97904,0
97833,0
97906,0
98527,0
98528,0
98530,0
98544,0
99095,1
97834,1
97836,0
97837,0
97839,0
97840,0
97842,0
97843,0
97845,0
97846,0
98547,0
98553,0
98554,0
98574,0
98587,0
98590,0
98593,0
98596,0
98597,0
98617,0
98630,0
98559,0
98639,0
98631,0
98646,0
98634,0
98660,0
98663,0
98746,0
98666,0
98667,0
99096,1
98669,0
99084,1
98673,0
98701,0
98744,0
99086,1
99087,1
99089,1
99090,1
99091,1
99097,1
99092,1
98693,1
98694,0
98711,0
99098,1
99102,1
99099,1
99100,1
99094,1
99192,1
99189,1
99198,1
99195,1
99310,1
99330,0
99326,1
99338,1
99423,0
99334,1
99427,0
99425,0
99438,0
99428,1
99439,0
99441,1
99448,0
99444,0
99625,0
99510,1
99628,0
99631,0
99634,0
99636,0
99518,0
99638,0
99842,0
99706,0
99707,0
99610,0
99718,0
99713,0
99734,0
99752,0
99755,0
99735,0
99846,0
99759,0
99817,0
99765,0
99819,0
99820,0
99826,0
99768,0
99830,0
99848,0
99867,0
99831,0
99834,0
99837,0
99880,0
99885,1
99887,0
99891,0
99894,0
99974,0
99897,0
99994,0
99947,0
99955,0
99869,1
99958,0
99976,0
99996,0
99986,0
99998,0
99988,0
99991,0